{"stats":{"minecraft:killed_by":{"minecraft:skeleton":2,"minecraft:zombie":2},"minecraft:mined":{"minecraft:oak_log":7,"minecraft:oak_leaves":1},"minecraft:custom":{"minecraft:time_since_rest":21281,"minecraft:crouch_one_cm":77,"minecraft:deaths":4,"minecraft:play_time":25577,"minecraft:sprint_one_cm":22665,"minecraft:damage_taken":1657,"minecraft:walk_one_cm":50907,"minecraft:sneak_time":605,"minecraft:walk_under_water_one_cm":10,"minecraft:mob_kills":2,"minecraft:jump":65,"minecraft:damage_dealt":560,"minecraft:leave_game":2,"minecraft:walk_on_water_one_cm":610,"minecraft:time_since_death":21230,"minecraft:interact_with_beacon":2,"minecraft:climb_one_cm":541,"minecraft:total_world_time":25577,"minecraft:swim_one_cm":6871,"minecraft:fall_one_cm":2032,"minecraft:fly_one_cm":6543},"minecraft:used":{"minecraft:rotten_flesh":2,"minecraft:leather_leggings":1,"minecraft:stone_sword":12,"minecraft:leather_helmet":1,"minecraft:leather_chestplate":1,"minecraft:leather_boots":1},"minecraft:picked_up":{"minecraft:stone_sword":1,"minecraft:leather_boots":1,"minecraft:leather_chestplate":1,"minecraft:rotten_flesh":7,"minecraft:leather_leggings":1,"minecraft:oak_log":7,"minecraft:dirt":8,"minecraft:leather_helmet":1},"minecraft:killed":{"minecraft:zombie":2}},"DataVersion":3953}