{"stats":{"minecraft:custom":{"minecraft:jump":29,"minecraft:time_since_rest":22919,"minecraft:damage_dealt":50,"minecraft:walk_on_water_one_cm":836,"minecraft:sprint_one_cm":4079,"minecraft:leave_game":2,"minecraft:play_time":22919,"minecraft:damage_taken":35,"minecraft:time_since_death":22919,"minecraft:walk_one_cm":6675,"minecraft:sneak_time":46,"minecraft:climb_one_cm":527,"minecraft:total_world_time":22919,"minecraft:walk_under_water_one_cm":485,"minecraft:swim_one_cm":6608,"minecraft:fall_one_cm":269,"minecraft:fly_one_cm":36562},"minecraft:mined":{"minecraft:short_grass":1,"minecraft:fern":1}},"DataVersion":3953}