{"stats":{"minecraft:broken":{"minecraft:iron_axe":1,"minecraft:wooden_sword":1,"minecraft:stone_axe":1},"minecraft:mined":{"minecraft:white_bed":5,"minecraft:cherry_log":167,"minecraft:stripped_cherry_log":1,"minecraft:jungle_leaves":2,"minecraft:grass_block":18,"minecraft:jungle_planks":27,"minecraft:jungle_log":54,"minecraft:oxeye_daisy":2,"minecraft:azure_bluet":1,"minecraft:vine":24,"minecraft:oak_wall_hanging_sign":1,"minecraft:bamboo":8,"minecraft:stone":38,"minecraft:player_head":1,"minecraft:podzol":1,"minecraft:cherry_planks":158,"minecraft:dandelion":30,"minecraft:crafting_table":13,"minecraft:cornflower":1,"minecraft:short_grass":33,"minecraft:poppy":23,"minecraft:melon":22,"minecraft:chest":2,"minecraft:oak_planks":3,"minecraft:pink_petals":1,"minecraft:oak_log":47,"minecraft:coal_ore":17,"minecraft:cocoa":3,"minecraft:cherry_leaves":24,"minecraft:dirt":4,"minecraft:oak_leaves":5,"minecraft:fern":5},"minecraft:killed_by":{"minecraft:player":2,"minecraft:wolf":1,"minecraft:spider":1,"minecraft:skeleton":2,"minecraft:zombie":2},"minecraft:dropped":{"minecraft:birch_planks":1,"minecraft:cooked_mutton":5},"minecraft:picked_up":{"minecraft:wooden_axe":2,"minecraft:cocoa_beans":9,"minecraft:crafting_table":16,"minecraft:azure_bluet":2,"minecraft:chicken":6,"minecraft:golden_pickaxe":2,"minecraft:wooden_pickaxe":1,"minecraft:stripped_cherry_log":1,"minecraft:cornflower":1,"minecraft:string":4,"minecraft:moss_carpet":3,"minecraft:oak_hanging_sign":1,"minecraft:wooden_sword":2,"minecraft:cobbled_deepslate":8,"minecraft:beef":4,"minecraft:jungle_sapling":6,"minecraft:player_head":3,"minecraft:iron_nugget":18,"minecraft:poppy":34,"minecraft:iron_pickaxe":1,"minecraft:light_gray_wool":1,"minecraft:enchanted_golden_apple":2,"minecraft:melon_slice":158,"minecraft:chest":3,"minecraft:egg":4,"minecraft:golden_helmet":1,"minecraft:stick":41,"minecraft:torch":11,"minecraft:fire_charge":1,"minecraft:porkchop":7,"minecraft:cherry_log":165,"minecraft:redstone":106,"minecraft:stone_sword":1,"minecraft:arrow":9,"minecraft:rotten_flesh":18,"minecraft:golden_hoe":2,"minecraft:nether_bricks":16,"minecraft:mutton":41,"minecraft:white_wool":28,"minecraft:cobblestone":44,"minecraft:oxeye_daisy":2,"minecraft:pink_petals":24,"minecraft:feather":6,"minecraft:lilac":6,"minecraft:cherry_planks":155,"minecraft:jungle_log":67,"minecraft:leather":2,"minecraft:birch_planks":1,"minecraft:tuff":20,"minecraft:oak_log":64,"minecraft:dirt":72,"minecraft:cooked_mutton":5,"minecraft:bone":5,"minecraft:apple":2,"minecraft:wheat_seeds":14,"minecraft:iron_ingot":1,"minecraft:stone_pickaxe":1,"minecraft:bamboo":166,"minecraft:oak_planks":105,"minecraft:iron_sword":1,"minecraft:dandelion":50,"minecraft:jungle_planks":172,"minecraft:white_bed":6,"minecraft:spider_eye":1,"minecraft:stone_axe":1,"minecraft:cherry_sapling":16,"minecraft:gray_wool":1,"minecraft:oak_sapling":17,"minecraft:coal":28},"minecraft:custom":{"minecraft:mob_kills":28,"minecraft:interact_with_crafting_table":23,"minecraft:leave_game":10,"minecraft:time_since_death":109170,"minecraft:climb_one_cm":6411,"minecraft:sprint_one_cm":378661,"minecraft:walk_one_cm":1203025,"minecraft:drop":2,"minecraft:play_time":246342,"minecraft:deaths":10,"minecraft:sneak_time":1183,"minecraft:walk_under_water_one_cm":7494,"minecraft:jump":2546,"minecraft:walk_on_water_one_cm":40276,"minecraft:total_world_time":246342,"minecraft:interact_with_furnace":4,"minecraft:sleep_in_bed":8,"minecraft:time_since_rest":12423,"minecraft:damage_taken":4856,"minecraft:damage_dealt":3739,"minecraft:swim_one_cm":11178,"minecraft:fly_one_cm":247430,"minecraft:player_kills":2,"minecraft:open_chest":27,"minecraft:crouch_one_cm":2865,"minecraft:fall_one_cm":44229},"minecraft:used":{"minecraft:moss_carpet":3,"minecraft:cherry_sapling":13,"minecraft:stone_sword":9,"minecraft:poppy":6,"minecraft:chest":4,"minecraft:player_head":3,"minecraft:dirt":15,"minecraft:mutton":6,"minecraft:jungle_planks":27,"minecraft:wooden_axe":64,"minecraft:iron_axe":253,"minecraft:jungle_log":5,"minecraft:oak_sapling":7,"minecraft:furnace":1,"minecraft:egg":1,"minecraft:cherry_log":58,"minecraft:cooked_mutton":5,"minecraft:stone_pickaxe":9,"minecraft:oak_planks":3,"minecraft:wooden_pickaxe":60,"minecraft:cherry_planks":200,"minecraft:crafting_table":14,"minecraft:white_bed":4,"minecraft:oak_log":5,"minecraft:cornflower":1,"minecraft:apple":1,"minecraft:oxeye_daisy":2,"minecraft:melon_slice":71,"minecraft:iron_pickaxe":24,"minecraft:stone_axe":165,"minecraft:pink_petals":4,"minecraft:pink_bed":1,"minecraft:wooden_sword":83,"minecraft:cobblestone":9,"minecraft:stripped_cherry_log":1,"minecraft:oak_hanging_sign":1,"minecraft:dandelion":11,"minecraft:golden_pickaxe":12},"minecraft:killed":{"minecraft:spider":2,"minecraft:chicken":2,"minecraft:pig":2,"minecraft:sheep":15,"minecraft:zombie":6,"minecraft:cow":1},"minecraft:crafted":{"minecraft:cherry_planks":416,"minecraft:wooden_sword":2,"minecraft:oak_planks":72,"minecraft:pink_bed":1,"minecraft:furnace":1,"minecraft:pink_dye":3,"minecraft:cooked_mutton":5,"minecraft:iron_axe":1,"minecraft:stone_pickaxe":1,"minecraft:chest":3,"minecraft:crafting_table":5,"minecraft:wooden_pickaxe":2,"minecraft:stone_axe":2,"minecraft:jungle_planks":184,"minecraft:stick":20,"minecraft:iron_ingot":2,"minecraft:wooden_axe":2,"minecraft:stone_sword":1,"minecraft:white_bed":2}},"DataVersion":3953}