{"stats":{"minecraft:used":{"minecraft:water_bucket":1,"minecraft:stone_sword":3,"minecraft:flint_and_steel":1,"minecraft:smooth_quartz_slab":35,"minecraft:tadpole_spawn_egg":2,"minecraft:armor_stand":2,"minecraft:redstone":6,"minecraft:stone":4,"minecraft:beacon":5,"minecraft:quartz_stairs":415,"minecraft:netherrack":1,"minecraft:smooth_quartz_stairs":41,"minecraft:dirt":257,"minecraft:spyglass":3,"minecraft:anvil":1,"minecraft:lime_stained_glass_pane":5,"minecraft:red_bed":1,"minecraft:glass":32,"minecraft:light":251,"minecraft:netherite_shovel":176,"minecraft:firework_rocket":7,"minecraft:quartz_slab":261,"minecraft:wind_charge":23,"minecraft:iron_block":240,"minecraft:grass_block":21,"minecraft:quartz_block":295,"minecraft:netherite_axe":2,"minecraft:netherite_hoe":3,"minecraft:smooth_quartz":10,"minecraft:spruce_sapling":4,"minecraft:glowstone":13,"minecraft:repeater":1,"minecraft:redstone_lamp":1,"minecraft:lime_stained_glass":3,"minecraft:white_stained_glass_pane":10,"minecraft:oak_hanging_sign":2,"minecraft:enchanted_golden_apple":4,"minecraft:jukebox":8},"minecraft:dropped":{"minecraft:short_grass":1,"minecraft:wheat_seeds":3,"minecraft:oak_log":7,"minecraft:stone_sword":2,"minecraft:cocoa_beans":6,"minecraft:black_carpet":1,"minecraft:rotten_flesh":1,"minecraft:lead":1,"minecraft:leather_helmet":2,"minecraft:leather_chestplate":2,"minecraft:dirt":8,"minecraft:shield":1,"minecraft:jungle_log":1,"minecraft:oak_sapling":2,"minecraft:leather_boots":2,"minecraft:leather_leggings":2,"minecraft:green_carpet":4,"minecraft:spruce_sapling":64},"minecraft:killed":{"minecraft:zombie":2},"minecraft:mined":{"minecraft:short_grass":2,"minecraft:jungle_log":1,"minecraft:oak_leaves":4},"minecraft:crafted":{"minecraft:shield":1},"minecraft:custom":{"minecraft:interact_with_anvil":1,"minecraft:mob_kills":2,"minecraft:play_record":10,"minecraft:interact_with_crafting_table":1,"minecraft:leave_game":2,"minecraft:time_since_death":310977,"minecraft:sleep_in_bed":1,"minecraft:climb_one_cm":218,"minecraft:time_since_rest":192601,"minecraft:sprint_one_cm":87017,"minecraft:walk_one_cm":285398,"minecraft:drop":28,"minecraft:damage_dealt":873,"minecraft:interact_with_beacon":5,"minecraft:swim_one_cm":2588,"minecraft:talked_to_villager":1,"minecraft:fly_one_cm":2137291,"minecraft:player_kills":1,"minecraft:open_chest":1,"minecraft:crouch_one_cm":4913,"minecraft:play_time":310977,"minecraft:sneak_time":5953,"minecraft:walk_under_water_one_cm":11756,"minecraft:jump":610,"minecraft:walk_on_water_one_cm":11020,"minecraft:total_world_time":310977,"minecraft:fall_one_cm":209,"minecraft:horse_one_cm":1635},"minecraft:picked_up":{"minecraft:cocoa_beans":6,"minecraft:jungle_log":1,"minecraft:music_disc_creator":4,"minecraft:cornflower":1,"minecraft:dirt":90,"minecraft:netherite_ingot":1,"minecraft:wheat_seeds":9,"minecraft:player_head":1,"minecraft:quartz_stairs":9,"minecraft:dandelion":2,"minecraft:music_disc_creator_music_box":5,"minecraft:green_carpet":3,"minecraft:quartz_block":5,"minecraft:music_disc_precipice":1,"minecraft:oak_sapling":5}},"DataVersion":3953}