{"stats":{"minecraft:broken":{"minecraft:stone_sword":1,"minecraft:stone_pickaxe":2,"minecraft:iron_axe":1,"minecraft:wooden_axe":1},"minecraft:mined":{"minecraft:tuff":13,"minecraft:spruce_planks":2,"minecraft:stripped_birch_log":56,"minecraft:granite":6,"minecraft:grass_block":835,"minecraft:jungle_log":7,"minecraft:spruce_leaves":39,"minecraft:raw_iron_block":1,"minecraft:spruce_sapling":4,"minecraft:furnace":1,"minecraft:iron_ore":19,"minecraft:stripped_spruce_log":6,"minecraft:vine":4,"minecraft:deepslate_iron_ore":14,"minecraft:flowering_azalea_leaves":1,"minecraft:azalea_leaves":2,"minecraft:bamboo":14,"minecraft:stone":383,"minecraft:podzol":4,"minecraft:deepslate_redstone_ore":12,"minecraft:dandelion":1,"minecraft:oak_fence":3,"minecraft:crafting_table":7,"minecraft:short_grass":124,"minecraft:poppy":1,"minecraft:melon":38,"minecraft:cobblestone":4,"minecraft:tall_grass":2,"minecraft:copper_ore":5,"minecraft:oak_planks":13,"minecraft:lilac":6,"minecraft:spruce_log":75,"minecraft:birch_leaves":41,"minecraft:oak_log":157,"minecraft:coal_ore":100,"minecraft:dirt":98,"minecraft:gravel":2,"minecraft:sand":6,"minecraft:cobweb":19,"minecraft:netherrack":3,"minecraft:oak_leaves":29,"minecraft:deepslate":25,"minecraft:fern":9},"minecraft:killed_by":{"minecraft:player":4,"minecraft:trader_llama":1,"minecraft:piglin":2,"minecraft:cave_spider":1,"minecraft:skeleton":2,"minecraft:zombie":2},"minecraft:dropped":{"minecraft:iron_ingot":1,"minecraft:iron_sword":2,"minecraft:porkchop":3,"minecraft:wheat_seeds":4,"minecraft:lilac":6,"minecraft:crafting_table":1,"minecraft:jungle_planks":37,"minecraft:dirt":114,"minecraft:torch":2,"minecraft:mutton":11,"minecraft:melon_slice":32,"minecraft:wooden_sword":1,"minecraft:iron_pickaxe":1,"minecraft:paper":1,"minecraft:string":1,"minecraft:dandelion":8,"minecraft:redstone":53,"minecraft:moss_carpet":3,"minecraft:player_head":2,"minecraft:iron_nugget":18,"minecraft:cobbled_deepslate":4,"minecraft:tuff":10,"minecraft:birch_sapling":2,"minecraft:rotten_flesh":2,"minecraft:white_bed":1,"minecraft:filled_map":1,"minecraft:poppy":7,"minecraft:chest":1,"minecraft:arrow":3,"minecraft:wooden_pickaxe":1},"minecraft:picked_up":{"minecraft:wooden_axe":1,"minecraft:iron_chestplate":1,"minecraft:crafting_table":8,"minecraft:black_carpet":2,"minecraft:chicken":1,"minecraft:lead":2,"minecraft:wooden_pickaxe":1,"minecraft:enchanted_book":2,"minecraft:shield":4,"minecraft:string":24,"minecraft:moss_carpet":12,"minecraft:raw_copper":12,"minecraft:wooden_sword":1,"minecraft:iron_leggings":1,"minecraft:cobbled_deepslate":36,"minecraft:spruce_planks":2,"minecraft:beef":2,"minecraft:player_head":5,"minecraft:iron_nugget":26,"minecraft:poppy":7,"minecraft:iron_pickaxe":3,"minecraft:light_gray_wool":3,"minecraft:melon_slice":274,"minecraft:chest":1,"minecraft:birch_sapling":4,"minecraft:iron_boots":3,"minecraft:furnace":1,"minecraft:raw_iron":77,"minecraft:stick":37,"minecraft:oak_fence":3,"minecraft:torch":58,"minecraft:porkchop":6,"minecraft:redstone":212,"minecraft:arrow":5,"minecraft:rotten_flesh":7,"minecraft:nether_bricks":14,"minecraft:mutton":37,"minecraft:white_wool":15,"minecraft:blaze_powder":4,"minecraft:cobblestone":432,"minecraft:feather":11,"minecraft:lilac":6,"minecraft:jungle_log":7,"minecraft:tuff":30,"minecraft:oak_log":164,"minecraft:gunpowder":1,"minecraft:stripped_birch_log":109,"minecraft:dirt":657,"minecraft:paper":1,"minecraft:wheat_seeds":24,"minecraft:iron_ingot":10,"minecraft:stone_pickaxe":1,"minecraft:bamboo":127,"minecraft:oak_planks":528,"minecraft:iron_sword":7,"minecraft:dandelion":8,"minecraft:raw_iron_block":1,"minecraft:gravel":2,"minecraft:jungle_planks":48,"minecraft:sand":6,"minecraft:stripped_spruce_log":6,"minecraft:spruce_sapling":75,"minecraft:white_bed":2,"minecraft:spruce_log":72,"minecraft:green_carpet":1,"minecraft:spectral_arrow":16,"minecraft:diamond_shovel":1,"minecraft:iron_helmet":3,"minecraft:granite":18,"minecraft:gray_wool":2,"minecraft:oak_sapling":3,"minecraft:coal":117},"minecraft:custom":{"minecraft:mob_kills":36,"minecraft:interact_with_crafting_table":35,"minecraft:leave_game":3,"minecraft:time_since_death":124043,"minecraft:climb_one_cm":7523,"minecraft:sprint_one_cm":562931,"minecraft:walk_one_cm":798442,"minecraft:damage_blocked_by_shield":220,"minecraft:drop":67,"minecraft:talked_to_villager":2,"minecraft:play_time":353046,"minecraft:sneak_time":1226,"minecraft:deaths":12,"minecraft:walk_under_water_one_cm":10123,"minecraft:jump":3748,"minecraft:walk_on_water_one_cm":14674,"minecraft:total_world_time":353046,"minecraft:interact_with_furnace":19,"minecraft:sleep_in_bed":2,"minecraft:time_since_rest":8363,"minecraft:damage_taken":4518,"minecraft:damage_dealt":5646,"minecraft:swim_one_cm":33242,"minecraft:fly_one_cm":488479,"minecraft:player_kills":2,"minecraft:open_chest":5,"minecraft:crouch_one_cm":2951,"minecraft:fall_one_cm":72301,"minecraft:inspect_dispenser":1,"minecraft:horse_one_cm":12610},"minecraft:used":{"minecraft:oak_fence":1,"minecraft:stone_sword":117,"minecraft:chest":2,"minecraft:shield":18,"minecraft:iron_sword":188,"minecraft:player_head":2,"minecraft:rotten_flesh":1,"minecraft:iron_chestplate":1,"minecraft:torch":50,"minecraft:dirt":96,"minecraft:mutton":9,"minecraft:jungle_planks":3,"minecraft:granite":5,"minecraft:wooden_axe":24,"minecraft:iron_axe":380,"minecraft:bamboo":4,"minecraft:furnace":4,"minecraft:cobbled_deepslate":20,"minecraft:iron_leggings":1,"minecraft:cooked_mutton":7,"minecraft:stripped_birch_log":11,"minecraft:stone_pickaxe":274,"minecraft:oak_planks":206,"minecraft:wooden_pickaxe":82,"minecraft:crafting_table":14,"minecraft:white_bed":2,"minecraft:spruce_log":3,"minecraft:oak_log":1,"minecraft:diamond_shovel":932,"minecraft:melon_slice":71,"minecraft:iron_pickaxe":262,"minecraft:spruce_sapling":70,"minecraft:stone_axe":8,"minecraft:cobblestone":31,"minecraft:porkchop":1},"minecraft:killed":{"minecraft:spider":4,"minecraft:skeleton":3,"minecraft:chicken":1,"minecraft:pig":2,"minecraft:creeper":1,"minecraft:sheep":12,"minecraft:pillager":1,"minecraft:zombie":8},"minecraft:crafted":{"minecraft:oak_planks":632,"minecraft:raw_iron":9,"minecraft:furnace":3,"minecraft:diamond_shovel":1,"minecraft:cooked_mutton":7,"minecraft:iron_axe":2,"minecraft:stone_pickaxe":4,"minecraft:chest":2,"minecraft:oak_fence":3,"minecraft:crafting_table":9,"minecraft:spruce_planks":164,"minecraft:wooden_pickaxe":5,"minecraft:iron_sword":1,"minecraft:stone_axe":1,"minecraft:jungle_planks":28,"minecraft:iron_chestplate":1,"minecraft:stick":104,"minecraft:iron_pickaxe":2,"minecraft:iron_ingot":26,"minecraft:wooden_axe":1,"minecraft:stone_sword":2,"minecraft:iron_leggings":1,"minecraft:white_bed":1,"minecraft:torch":96}},"DataVersion":3953}