{"stats":{"minecraft:mined":{"minecraft:short_grass":1,"minecraft:jungle_leaves":3,"minecraft:vine":3,"minecraft:jungle_log":10},"minecraft:custom":{"minecraft:jump":32,"minecraft:time_since_rest":4551,"minecraft:leave_game":1,"minecraft:sprint_one_cm":1283,"minecraft:damage_dealt":60,"minecraft:crouch_one_cm":279,"minecraft:damage_taken":135,"minecraft:walk_on_water_one_cm":8159,"minecraft:play_time":4551,"minecraft:time_since_death":4551,"minecraft:walk_one_cm":19717,"minecraft:sneak_time":137,"minecraft:walk_under_water_one_cm":1265,"minecraft:climb_one_cm":781,"minecraft:total_world_time":4551,"minecraft:fall_one_cm":291,"minecraft:fly_one_cm":1034},"minecraft:picked_up":{"minecraft:jungle_log":10}},"DataVersion":3953}