{"stats":{"minecraft:mined":{"minecraft:tuff":8,"minecraft:stone_pressure_plate":1,"minecraft:dark_oak_leaves":5,"minecraft:deepslate_diamond_ore":18,"minecraft:sculk_vein":1,"minecraft:jungle_leaves":2,"minecraft:obsidian":25,"minecraft:lever":6,"minecraft:nether_bricks":22,"minecraft:grass_block":1046,"minecraft:jungle_planks":4,"minecraft:crimson_roots":2,"minecraft:jungle_log":31,"minecraft:oak_wall_sign":2,"minecraft:crimson_fungus":1,"minecraft:nether_wart":20,"minecraft:oxeye_daisy":1,"minecraft:sandstone":25,"minecraft:hay_block":41,"minecraft:magma_block":6,"minecraft:raw_iron_block":1,"minecraft:sculk_catalyst":1,"minecraft:furnace":2,"minecraft:fire":1,"minecraft:cobbled_deepslate":57,"minecraft:iron_ore":62,"minecraft:chiseled_sandstone":2,"minecraft:moss_carpet":1,"minecraft:deepslate_lapis_ore":4,"minecraft:nether_brick_stairs":1,"minecraft:gold_block":2,"minecraft:vine":9,"minecraft:deepslate_iron_ore":61,"minecraft:bamboo":4,"minecraft:stone":131,"minecraft:white_wool":2,"minecraft:cut_sandstone":7,"minecraft:soul_sand":20,"minecraft:crimson_nylium":6,"minecraft:dandelion":4,"minecraft:crafting_table":16,"minecraft:short_grass":452,"minecraft:melon":30,"minecraft:dead_bush":47,"minecraft:tall_grass":81,"minecraft:cobblestone":5,"minecraft:deepslate_gold_ore":2,"minecraft:oak_planks":26,"minecraft:sculk":1,"minecraft:iron_door":3,"minecraft:wall_torch":4,"minecraft:pink_petals":1,"minecraft:seagrass":1,"minecraft:birch_planks":63,"minecraft:lime_bed":13,"minecraft:nether_wart_block":3,"minecraft:birch_log":66,"minecraft:birch_leaves":4,"minecraft:oak_log":44,"minecraft:coal_ore":70,"minecraft:dirt":104,"minecraft:netherrack":47,"minecraft:oak_leaves":10,"minecraft:deepslate":171,"minecraft:fern":28},"minecraft:killed_by":{"minecraft:skeleton":1,"minecraft:witch":1},"minecraft:dropped":{"minecraft:nether_brick_stairs":1,"minecraft:enchanted_book":1,"minecraft:bread":2,"minecraft:iron_sword":4,"minecraft:wheat_seeds":12,"minecraft:iron_helmet":1,"minecraft:cobblestone":24,"minecraft:spectral_arrow":8,"minecraft:leather":4,"minecraft:granite":5,"minecraft:jungle_planks":1,"minecraft:coal":1,"minecraft:dirt":17,"minecraft:torch":1,"minecraft:wooden_hoe":2,"minecraft:crimson_roots":3,"minecraft:wooden_axe":2,"minecraft:melon_slice":23,"minecraft:wooden_sword":1,"minecraft:flowering_azalea":1,"minecraft:iron_pickaxe":3,"minecraft:string":5,"minecraft:white_wool":1,"minecraft:bone":38,"minecraft:dandelion":1,"minecraft:gold_ingot":17,"minecraft:crimson_fungus":1,"minecraft:moss_carpet":3,"minecraft:kelp":1,"minecraft:blackstone":8,"minecraft:player_head":3,"minecraft:stone_sword":1,"minecraft:cocoa_beans":3,"minecraft:nether_brick":5,"minecraft:tuff":19,"minecraft:birch_sapling":1,"minecraft:wheat":2,"minecraft:raw_iron":17,"minecraft:rotten_flesh":31,"minecraft:oak_planks":15,"minecraft:iron_boots":1,"minecraft:blaze_powder":2,"minecraft:nether_bricks":3,"minecraft:shield":2,"minecraft:azalea":1,"minecraft:bamboo":1,"minecraft:arrow":7,"minecraft:wooden_pickaxe":3,"minecraft:magma_block":5,"minecraft:netherrack":7},"minecraft:picked_up":{"minecraft:wooden_axe":1,"minecraft:cocoa_beans":3,"minecraft:crafting_table":17,"minecraft:nether_wart":26,"minecraft:wooden_pickaxe":1,"minecraft:gold_block":2,"minecraft:nether_brick":5,"minecraft:shield":2,"minecraft:string":15,"minecraft:moss_carpet":4,"minecraft:wooden_sword":1,"minecraft:oak_sign":3,"minecraft:blackstone":8,"minecraft:cobbled_deepslate":230,"minecraft:beef":2,"minecraft:oak_boat":4,"minecraft:player_head":4,"minecraft:jungle_sapling":4,"minecraft:azalea":1,"minecraft:iron_pickaxe":2,"minecraft:melon_slice":187,"minecraft:birch_sapling":1,"minecraft:egg":1,"minecraft:furnace":2,"minecraft:raw_iron":170,"minecraft:stick":47,"minecraft:sandstone":34,"minecraft:torch":5,"minecraft:fire_charge":1,"minecraft:porkchop":5,"minecraft:stone_pressure_plate":1,"minecraft:stone_sword":2,"minecraft:arrow":23,"minecraft:rotten_flesh":8,"minecraft:nether_bricks":11,"minecraft:hay_block":41,"minecraft:gold_ingot":7,"minecraft:blaze_rod":1,"minecraft:obsidian":25,"minecraft:mutton":4,"minecraft:cobblestone":148,"minecraft:white_wool":5,"minecraft:oxeye_daisy":1,"minecraft:birch_log":65,"minecraft:lime_bed":13,"minecraft:magma_block":5,"minecraft:iron_door":3,"minecraft:glow_ink_sac":1,"minecraft:jungle_log":31,"minecraft:leather":5,"minecraft:cut_sandstone":13,"minecraft:birch_planks":62,"minecraft:filled_map":1,"minecraft:crimson_fungus":1,"minecraft:tuff":19,"minecraft:oak_log":44,"minecraft:nether_wart_block":3,"minecraft:gunpowder":1,"minecraft:lapis_lazuli":29,"minecraft:dirt":1166,"minecraft:bone":19,"minecraft:kelp":1,"minecraft:bow":1,"minecraft:wheat_seeds":75,"minecraft:raw_gold":2,"minecraft:iron_ingot":2,"minecraft:soul_sand":20,"minecraft:rabbit":1,"minecraft:bamboo":24,"minecraft:iron_sword":3,"minecraft:oak_planks":26,"minecraft:flowering_azalea":1,"minecraft:dandelion":5,"minecraft:raw_iron_block":1,"minecraft:jungle_planks":9,"minecraft:nether_brick_stairs":1,"minecraft:grass_block":1,"minecraft:spectral_arrow":8,"minecraft:chiseled_sandstone":3,"minecraft:diamond":18,"minecraft:lever":6,"minecraft:granite":5,"minecraft:cherry_sapling":2,"minecraft:bread":2,"minecraft:netherrack":49,"minecraft:coal":132,"minecraft:crimson_roots":3},"minecraft:custom":{"minecraft:mob_kills":64,"minecraft:interact_with_crafting_table":54,"minecraft:leave_game":3,"minecraft:time_since_death":321938,"minecraft:climb_one_cm":4811,"minecraft:sprint_one_cm":1154933,"minecraft:walk_one_cm":915316,"minecraft:damage_blocked_by_shield":350,"minecraft:drop":258,"minecraft:talked_to_villager":2,"minecraft:play_time":367941,"minecraft:deaths":4,"minecraft:sneak_time":19151,"minecraft:walk_under_water_one_cm":21094,"minecraft:boat_one_cm":182737,"minecraft:jump":6485,"minecraft:walk_on_water_one_cm":56732,"minecraft:total_world_time":367941,"minecraft:interact_with_furnace":21,"minecraft:sleep_in_bed":15,"minecraft:time_since_rest":38981,"minecraft:damage_taken":4067,"minecraft:damage_dealt":14082,"minecraft:swim_one_cm":42335,"minecraft:player_kills":1,"minecraft:fly_one_cm":1237316,"minecraft:open_chest":79,"minecraft:crouch_one_cm":73408,"minecraft:fall_one_cm":180598,"minecraft:horse_one_cm":211},"minecraft:used":{"minecraft:cherry_sapling":2,"minecraft:moss_carpet":1,"minecraft:stone_sword":71,"minecraft:flint_and_steel":2,"minecraft:oak_sign":5,"minecraft:chest":4,"minecraft:shield":9,"minecraft:iron_sword":87,"minecraft:nether_wart":20,"minecraft:netherrack":19,"minecraft:player_head":1,"minecraft:rotten_flesh":6,"minecraft:birch_pressure_plate":4,"minecraft:soul_sand":20,"minecraft:torch":38,"minecraft:dirt":1095,"minecraft:jungle_planks":52,"minecraft:obsidian":20,"minecraft:wooden_axe":84,"minecraft:grass_block":1,"minecraft:iron_axe":168,"minecraft:jungle_log":1,"minecraft:beef":2,"minecraft:furnace":4,"minecraft:egg":1,"minecraft:stone_pressure_plate":1,"minecraft:cobbled_deepslate":213,"minecraft:water_bucket":44,"minecraft:rabbit":1,"minecraft:birch_planks":233,"minecraft:stone_pickaxe":153,"minecraft:oak_planks":63,"minecraft:wooden_pickaxe":85,"minecraft:sandstone":23,"minecraft:cut_sandstone":4,"minecraft:white_wool":3,"minecraft:lime_bed":13,"minecraft:crafting_table":17,"minecraft:oak_log":1,"minecraft:lever":6,"minecraft:wooden_hoe":41,"minecraft:diamond_pickaxe":285,"minecraft:diamond_shovel":1231,"minecraft:melon_slice":31,"minecraft:bread":86,"minecraft:iron_pickaxe":234,"minecraft:iron_door":5,"minecraft:stone_axe":53,"minecraft:diamond_sword":68,"minecraft:fire_charge":1,"minecraft:wooden_sword":38,"minecraft:cobblestone":21,"minecraft:porkchop":2,"minecraft:birch_log":2,"minecraft:bucket":45,"minecraft:oak_boat":4,"minecraft:bone_meal":11,"minecraft:dandelion":2},"minecraft:killed":{"minecraft:spider":4,"minecraft:skeleton":16,"minecraft:piglin":1,"minecraft:pig":1,"minecraft:zombie_villager":1,"minecraft:rabbit":1,"minecraft:frog":1,"minecraft:hoglin":2,"minecraft:creeper":4,"minecraft:sheep":2,"minecraft:zombie":17,"minecraft:wither_skeleton":8,"minecraft:enderman":1,"minecraft:blaze":3,"minecraft:cow":1},"minecraft:crafted":{"minecraft:wooden_sword":1,"minecraft:oak_planks":120,"minecraft:raw_iron":9,"minecraft:oak_sign":3,"minecraft:blaze_powder":2,"minecraft:furnace":3,"minecraft:bone_meal":21,"minecraft:diamond_shovel":1,"minecraft:lever":2,"minecraft:diamond_helmet":1,"minecraft:iron_boots":1,"minecraft:iron_axe":1,"minecraft:stone_pickaxe":3,"minecraft:chest":4,"minecraft:diamond_boots":1,"minecraft:iron_door":3,"minecraft:wheat":369,"minecraft:diamond_sword":1,"minecraft:crafting_table":3,"minecraft:wooden_pickaxe":3,"minecraft:iron_helmet":1,"minecraft:iron_sword":1,"minecraft:birch_pressure_plate":4,"minecraft:bucket":1,"minecraft:birch_planks":252,"minecraft:stone_axe":3,"minecraft:bread":127,"minecraft:air":0,"minecraft:jungle_planks":120,"minecraft:oak_boat":1,"minecraft:white_wool":2,"minecraft:wooden_hoe":2,"minecraft:iron_chestplate":1,"minecraft:diamond_pickaxe":1,"minecraft:shield":1,"minecraft:stick":31,"minecraft:iron_ingot":98,"minecraft:iron_pickaxe":1,"minecraft:wooden_axe":2,"minecraft:stone_sword":1,"minecraft:gold_ingot":18,"minecraft:iron_leggings":1,"minecraft:white_bed":1,"minecraft:torch":32,"minecraft:diamond_chestplate":1}},"DataVersion":3953}